{
    "idx0.jpg": {
        "px": -29.88849449157715,
        "py": 0.13417930901050568,
        "pz": 10.00165843963623,
        "qx": 0.003089657871335305,
        "qy": -0.00035904949637260194,
        "qz": -0.5864674753968746,
        "qw": -0.8099667761066879
    },
    "idx1.jpg": {
        "px": -30.03812599182129,
        "py": 0.06266758590936661,
        "pz": 14.98110294342041,
        "qx": -0.0011020360385275323,
        "qy": -0.004684283720108683,
        "qz": -0.5873071670597572,
        "qw": -0.8093497883913369
    },
    "idx2.jpg": {
        "px": -30.010175704956055,
        "py": 0.019940992817282677,
        "pz": 19.95378875732422,
        "qx": -0.0016063739535236215,
        "qy": -0.003885764753773601,
        "qz": -0.587679376415669,
        "qw": -0.8090830304503993
    },
    "idx3.jpg": {
        "px": -30.002132415771484,
        "py": -0.02912636287510395,
        "pz": 24.99681854248047,
        "qx": -0.0036861495824870717,
        "qy": -0.004570265917015555,
        "qz": -0.5877915081061322,
        "qw": -0.8089912135409184
    },
    "idx4.jpg": {
        "px": -30.019447326660156,
        "py": 0.007890614680945873,
        "pz": 30.0591983795166,
        "qx": -0.00646951869127275,
        "qy": -0.0016204351958580675,
        "qz": -0.5878491439214708,
        "qw": -0.8089431872070402
    },
    "idx5.jpg": {
        "px": -29.940845489501953,
        "py": 0.037730079144239426,
        "pz": 35.00627899169922,
        "qx": -0.007798947678864896,
        "qy": 0.0018427082906454558,
        "qz": -0.5877945742893613,
        "qw": -0.8089706142687086
    },
    "idx6.jpg": {
        "px": -25.046403884887695,
        "py": 0.04713096469640732,
        "pz": 14.839022636413574,
        "qx": -0.008737674557580418,
        "qy": -0.0014637541218826913,
        "qz": -0.5878174916382392,
        "qw": -0.8089451681089201
    },
    "idx7.jpg": {
        "px": -24.992433547973633,
        "py": -0.010180211625993252,
        "pz": 15.030911445617676,
        "qx": -0.004783397796646495,
        "qy": -0.0008870622510667957,
        "qz": -0.5877804550951102,
        "qw": -0.8090058911809123
    },
    "idx8.jpg": {
        "px": -24.94308090209961,
        "py": 0.0035828561522066593,
        "pz": 19.99734115600586,
        "qx": -0.005309159481576278,
        "qy": 0.0010490620597610662,
        "qz": -0.5878154159059501,
        "qw": -0.808976999516258
    },
    "idx9.jpg": {
        "px": -25.027286529541016,
        "py": 0.0016106758266687393,
        "pz": 24.982080459594727,
        "qx": -0.005720944069695332,
        "qy": 0.0002592590946252633,
        "qz": -0.5877525328079718,
        "qw": -0.8090205793576183
    },
    "idx10.jpg": {
        "px": -24.979156494140625,
        "py": -0.01307867094874382,
        "pz": 30.01371192932129,
        "qx": -0.005341101524391471,
        "qy": 0.00034989062399187667,
        "qz": -0.5877589707390818,
        "qw": -0.8090184404050563
    },
    "idx11.jpg": {
        "px": -24.95404052734375,
        "py": -0.020495381206274033,
        "pz": 34.99901580810547,
        "qx": -0.002578227843578389,
        "qy": -0.0006509754443620708,
        "qz": -0.5877812453485198,
        "qw": -0.8090155533459334
    },
    "idx12.jpg": {
        "px": -20.0042667388916,
        "py": 0.026784194633364677,
        "pz": 14.263893127441406,
        "qx": -0.0061473934561904,
        "qy": -0.00021860220306350745,
        "qz": -0.5877176773642533,
        "qw": -0.8090427064530865
    },
    "idx13.jpg": {
        "px": -20.024850845336914,
        "py": 0.03692566230893135,
        "pz": 15.004274368286133,
        "qx": -0.006043593012297655,
        "qy": 0.00011032892487271729,
        "qz": -0.5878199045453164,
        "qw": -0.8089692234227077
    },
    "idx14.jpg": {
        "px": -20.036596298217773,
        "py": -0.07183267176151276,
        "pz": 19.984642028808594,
        "qx": -0.004749260824986195,
        "qy": 0.00039206101546893123,
        "qz": -0.5878697221202563,
        "qw": -0.8089416593837817
    },
    "idx15.jpg": {
        "px": -19.952932357788086,
        "py": 0.008375052362680435,
        "pz": 25.037334442138672,
        "qx": -0.004934718236008827,
        "qy": 0.004076758054566635,
        "qz": -0.5877883470924938,
        "qw": -0.8089895698138264
    },
    "idx16.jpg": {
        "px": -20.01711082458496,
        "py": 0.003168148221448064,
        "pz": 29.979305267333984,
        "qx": -0.007118453635476922,
        "qy": 0.004568083788629494,
        "qz": -0.587777051737093,
        "qw": -0.8089786959269106
    },
    "idx17.jpg": {
        "px": -19.928829193115234,
        "py": -0.001469388953410089,
        "pz": 34.940208435058594,
        "qx": -0.005833662073138268,
        "qy": 0.00587908805656389,
        "qz": -0.587799579227622,
        "qw": -0.8089642606312956
    },
    "idx18.jpg": {
        "px": -14.944061279296875,
        "py": 0.10746415704488754,
        "pz": 15.667692184448242,
        "qx": -0.007756790952186382,
        "qy": 0.004781255057453818,
        "qz": -0.5877063820088523,
        "qw": -0.8090230660216804
    },
    "idx19.jpg": {
        "px": -14.971797943115234,
        "py": 0.05193844437599182,
        "pz": 15.02601146697998,
        "qx": -0.008340778672970091,
        "qy": 0.001044964925104651,
        "qz": -0.5877463899048013,
        "qw": -0.8090016027390763
    },
    "idx20.jpg": {
        "px": -15.007834434509277,
        "py": 0.04531353712081909,
        "pz": 20.083541870117188,
        "qx": -0.008722481606509003,
        "qy": 0.0011277828238840503,
        "qz": -0.5879277583306558,
        "qw": -0.8088656686159166
    },
    "idx21.jpg": {
        "px": -14.978297233581543,
        "py": 0.03407963365316391,
        "pz": 25.028499603271484,
        "qx": -0.009091369263922571,
        "qy": 0.001277635285220026,
        "qz": -0.5878085038227943,
        "qw": -0.8089480867781795
    },
    "idx22.jpg": {
        "px": -14.992705345153809,
        "py": 0.017004724591970444,
        "pz": 30.014467239379883,
        "qx": -0.007504082070509855,
        "qy": 0.00031808522916208955,
        "qz": -0.5877580961919752,
        "qw": -0.8090019504505764
    },
    "idx23.jpg": {
        "px": -14.966736793518066,
        "py": -0.00541726453229785,
        "pz": 35.015384674072266,
        "qx": -0.008466539600570535,
        "qy": -0.0011583972409709778,
        "qz": -0.5876604946275361,
        "qw": -0.8090625470820231
    },
    "idx24.jpg": {
        "px": -9.961865425109863,
        "py": 0.04085622355341911,
        "pz": 15.227432250976562,
        "qx": -0.007584022459061624,
        "qy": -0.0003181441688953814,
        "qz": -0.5877929832458302,
        "qw": -0.8089758299412119
    },
    "idx25.jpg": {
        "px": -9.981222152709961,
        "py": 0.049501847475767136,
        "pz": 14.931315422058105,
        "qx": -0.007268740983142357,
        "qy": -0.00018805001843241092,
        "qz": -0.5878047106064282,
        "qw": -0.8089702560204963
    },
    "idx26.jpg": {
        "px": -9.917057991027832,
        "py": 0.05609675124287605,
        "pz": 19.994606018066406,
        "qx": -0.004931609823613086,
        "qy": 0.0015471490702873827,
        "qz": -0.5878323589390514,
        "qw": -0.8089663785104333
    },
    "idx27.jpg": {
        "px": -10.00788402557373,
        "py": -0.01145154982805252,
        "pz": 24.977458953857422,
        "qx": -0.007230143360257236,
        "qy": -0.0015129299451995385,
        "qz": -0.5877371702816896,
        "qw": -0.809018240207526
    },
    "idx28.jpg": {
        "px": -10.003347396850586,
        "py": 0.021363120526075363,
        "pz": 29.980224609375,
        "qx": -0.010091472820054338,
        "qy": 0.00029119191781734567,
        "qz": -0.587786134382947,
        "qw": -0.8089534288912283
    },
    "idx29.jpg": {
        "px": -9.915014266967773,
        "py": -0.01842477172613144,